{"cameraMode":{"drawMode":0,"name":"Shaded","section":"Shading Mode"},"sceneLighting":true,"audioPlay":false,"sceneViewState":{"showFog":true,"showMaterialUpdate":true,"showSkybox":true,"showFlares":true,"showImageEffects":true,"showParticleSystems":true},"in2DMode":false,"pivot":{"x":0.0,"y":0.546999990940094,"z":-0.8960000276565552},"rotation":{"x":-0.12367455661296845,"y":-0.3843088448047638,"z":0.05167936533689499,"w":-0.9137373566627502},"size":0.9720934629440308,"orthographic":true}